"","sn","rugs_urlnames_full","url","DateAdded"
"1",1,"Los-Angeles-R-Users-Group-Data-Science","https://www.meetup.com/Los-Angeles-R-Users-Group-Data-Science/","October, 2019"
"2",2,"Dublin-R-Generation","https://www.meetup.com/Dublin-R-Generation/","October, 2019"
"3",3,"R-User-Group-Eindhoven","https://www.meetup.com/R-User-Group-Eindhoven/","October, 2019"
"4",4,"Las-Vegas-R-User-Group","https://www.meetup.com/Las-Vegas-R-User-Group/","October, 2019"
"5",5,"Colchester-R-Meetup","https://www.meetup.com/Colchester-R-Meetup/","October, 2019"
"6",6,"Phoenix-R-User-Group","https://www.meetup.com/Phoenix-R-User-Group/","October, 2019"
"7",7,"Oxford-R-User-Group","https://www.meetup.com/Oxford-R-User-Group/","October, 2019"
"8",8,"Chico-R-Users-Group","https://www.meetup.com/Chico-R-Users-Group/","October, 2019"
"9",9,"Cebu-R-Users-Group-CRUG","https://www.meetup.com/Cebu-R-Users-Group-CRUG/","October, 2019"
"10",10,"OC-RUG","https://www.meetup.com/OC-RUG/","October, 2019"
"11",11,"Poznan-R-User-Group-PAZUR","https://www.meetup.com/Poznan-R-User-Group-PAZUR/","October, 2019"
"12",12,"Rhus-useR-group","https://www.meetup.com/Rhus-useR-group/","October, 2019"
"13",13,"Lansing-Area-R-Users-Group","https://www.meetup.com/Lansing-Area-R-Users-Group/","October, 2019"
"14",14,"Chicago-R-User-Group","https://www.meetup.com/Chicago-R-User-Group/","October, 2019"
"15",15,"Milwaukee-R-Meetup","https://www.meetup.com/Milwaukee-R-Meetup/","October, 2019"
"16",16,"BengaluRu-use-R-gRoup","https://www.meetup.com/BengaluRu-use-R-gRoup/","October, 2019"
"17",17,"PhillyR","https://www.meetup.com/PhillyR/","October, 2019"
"18",18,"R-Data-Scientists","https://www.meetup.com/R-Data-Scientists/","October, 2019"
"19",19,"Cardiff-R-User-Group","https://www.meetup.com/Cardiff-R-User-Group/","October, 2019"
"20",20,"Central-Iowa-R-User-Group","https://www.meetup.com/Central-Iowa-R-User-Group/","October, 2019"
"21",21,"St-Petersburg-R-User-Group","https://www.meetup.com/St-Petersburg-R-User-Group/","October, 2019"
"22",22,"rugnepal","https://www.meetup.com/rugnepal/","October, 2019"
"23",23,"Cork-Ireland-R-Users-Group","https://www.meetup.com/Cork-Ireland-R-Users-Group/","October, 2019"
"24",24,"Exeter-R-Users-Group-Exeter-Devon-England","https://www.meetup.com/Exeter-R-Users-Group-Exeter-Devon-England/","October, 2019"
"25",25,"Nairobi-R-Users-Group","https://www.meetup.com/Nairobi-R-Users-Group/","October, 2019"
"26",26,"Cairo-R-Users-Group","https://www.meetup.com/Cairo-R-Users-Group/","October, 2019"
"27",27,"Wroclaw-R-Users-Group","https://www.meetup.com/Wroclaw-R-Users-Group/","October, 2019"
"28",28,"Detroit-useR-Group-R-Programming-Language","https://www.meetup.com/Detroit-useR-Group-R-Programming-Language/","October, 2019"
"29",29,"Greater-Toronto-Area-GTA-R-Users-Group","https://www.meetup.com/Greater-Toronto-Area-GTA-R-Users-Group/","October, 2019"
"30",30,"Adelaide-R-Users","https://www.meetup.com/Adelaide-R-Users/","October, 2019"
"31",31,"Budapest-Users-of-R-Network","https://www.meetup.com/Budapest-Users-of-R-Network/","October, 2019"
"32",32,"Meetup-R-Nantes","https://www.meetup.com/Meetup-R-Nantes/","October, 2019"
"33",33,"Tampa-R-Users-Group","https://www.meetup.com/Tampa-R-Users-Group/","October, 2019"
"34",34,"Berlin-R-Users-Group","https://www.meetup.com/Berlin-R-Users-Group/","October, 2019"
"35",35,"Kampala-R-Users-Group","https://www.meetup.com/Kampala-R-Users-Group/","October, 2019"
"36",36,"DarEs-Salaam-R-users","https://www.meetup.com/DarEs-Salaam-R-users/","October, 2019"
"37",37,"Joburg-R-Users-Group","https://www.meetup.com/Joburg-R-Users-Group/","October, 2019"
"38",38,"NottinghamR-Nottingham-R-Users-Group","https://www.meetup.com/NottinghamR-Nottingham-R-Users-Group/","October, 2019"
"39",39,"Spotkania-Entuzjastow-R-Warsaw-R-Users-Group-Meetup","https://www.meetup.com/Spotkania-Entuzjastow-R-Warsaw-R-Users-Group-Meetup/","October, 2019"
"40",40,"Bmore-UseR-Group","https://www.meetup.com/Bmore-UseR-Group/","October, 2019"
"41",41,"Cape-Fear-R-Users-Group","https://www.meetup.com/Cape-Fear-R-Users-Group/","October, 2019"
"42",42,"Pittsburgh-useR-Group","https://www.meetup.com/Pittsburgh-useR-Group/","October, 2019"
"43",43,"Columbus-useR-Group","https://www.meetup.com/Columbus-useR-Group/","October, 2019"
"44",44,"Western-Australia-R-Group-WARG","https://www.meetup.com/Western-Australia-R-Group-WARG/","October, 2019"
"45",45,"Boston-useR","https://www.meetup.com/Boston-useR/","October, 2019"
"46",46,"Boston-R-Bioconductor-for-genomics","https://www.meetup.com/Boston-R-Bioconductor-for-genomics/","October, 2019"
"47",47,"Santa-Barbara-R-Users-Group","https://www.meetup.com/Santa-Barbara-R-Users-Group/","October, 2019"
"48",48,"Abidjan-R-users-Meetup","https://www.meetup.com/Abidjan-R-users-Meetup/","October, 2019"
"49",49,"Riyadh-UseR-Group","https://www.meetup.com/Riyadh-UseR-Group/","October, 2019"
"50",50,"Bogota-R-Users-Group-Meetup-Shiny-data-apps","https://www.meetup.com/Bogota-R-Users-Group-Meetup-Shiny-data-apps/","October, 2019"
"51",51,"Cambridge-R-Users-Group-Meetup","https://www.meetup.com/Cambridge-R-Users-Group-Meetup/","October, 2019"
"52",52,"DuPage-R-Meetup","https://www.meetup.com/DuPage-R-Meetup/","October, 2019"
"53",53,"Intro-to-R-Basics-Free-Training-and-Workshop","https://www.meetup.com/Intro-to-R-Basics-Free-Training-and-Workshop/","October, 2019"
"54",54,"New-York-R-Users-Group","https://www.meetup.com/New-York-R-Users-Group/","October, 2019"
"55",55,"CopenhagenR-useR-Group","https://www.meetup.com/CopenhagenR-useR-Group/","October, 2019"
"56",56,"Gulf-Coast-useR-Group-R-Programming-Language","https://www.meetup.com/Gulf-Coast-useR-Group-R-Programming-Language/","October, 2019"
"57",57,"Montreal-R-User-Group","https://www.meetup.com/Montreal-R-User-Group/","October, 2019"
"58",58,"Zurich-R-User-Group","https://www.meetup.com/Zurich-R-User-Group/","October, 2019"
"59",59,"Mastering-R-at-MI-2","https://www.meetup.com/Mastering-R-at-MI-2/","October, 2019"
"60",60,"Grupo-de-Usuarios-de-R-de-Madrid","https://www.meetup.com/Grupo-de-Usuarios-de-R-de-Madrid/","October, 2019"
"61",61,"Winnipeg-R-User-Group","https://www.meetup.com/Winnipeg-R-User-Group/","October, 2019"
"62",62,"Applied-R-Munich","https://www.meetup.com/Applied-R-Munich/","October, 2019"
"63",63,"Austin-R-User-Group","https://www.meetup.com/Austin-R-User-Group/","October, 2019"
"64",64,"Inland-Northwest-R-User-Group-INRUG","https://www.meetup.com/Inland-Northwest-R-User-Group-INRUG/","October, 2019"
"65",65,"Hong-Kong-R-User-Group","https://www.meetup.com/Hong-Kong-R-User-Group/","October, 2019"
"66",66,"Panama-R-Users-Group","https://www.meetup.com/Panama-R-Users-Group/","October, 2019"
"67",67,"Sevilla-R-users","https://www.meetup.com/Sevilla-R-users/","October, 2019"
"68",68,"Meetup-de-Grupo-de-Usuarios-de-R-de-Malaga","https://www.meetup.com/Meetup-de-Grupo-de-Usuarios-de-R-de-Malaga/","October, 2019"
"69",69,"Cleveland-UseR-Group","https://www.meetup.com/Cleveland-UseR-Group/","October, 2019"
"70",70,"Portsmouth-R-User-Group","https://www.meetup.com/Portsmouth-R-User-Group/","October, 2019"
"71",71,"Ann-Arbor-R-User-Group","https://www.meetup.com/Ann-Arbor-R-User-Group/","October, 2019"
"72",72,"Indy-useR-Group","https://www.meetup.com/Indy-useR-Group/","October, 2019"
"73",73,"TRUgroup","https://www.meetup.com/TRUgroup/","October, 2019"
"74",74,"Patras-R-Users-Group","https://www.meetup.com/Patras-R-Users-Group/","October, 2019"
"75",75,"zagreb-r-group","https://www.meetup.com/zagreb-r-group/","October, 2019"
"76",76,"R-User-Group-Finland","https://www.meetup.com/R-User-Group-Finland/","October, 2019"
"77",77,"Campinas-R-Users-Meetup","https://www.meetup.com/Campinas-R-Users-Meetup/","October, 2019"
"78",78,"UVa-R-Users-Group","https://www.meetup.com/UVa-R-Users-Group/","October, 2019"
"79",79,"Heredia-R-User-Group","https://www.meetup.com/Heredia-R-User-Group/","October, 2019"
"80",80,"Bi-R-mingham-R-Meetup","https://www.meetup.com/Bi-R-mingham-R-Meetup/","October, 2019"
"81",81,"Dallas-R-Users-Group","https://www.meetup.com/Dallas-R-Users-Group/","October, 2019"
"82",82,"The-Mexico-City-R-Users-Group","https://www.meetup.com/The-Mexico-City-R-Users-Group/","October, 2019"
"83",83,"utah-county-rug","https://www.meetup.com/utah-county-rug/","October, 2019"
"84",84,"Wellington-R-Users-Group-WRUG","https://www.meetup.com/Wellington-R-Users-Group-WRUG/","October, 2019"
"85",85,"R-User-Group-Philippines","https://www.meetup.com/R-User-Group-Philippines/","October, 2019"
"86",86,"Charlotte-R-Users-Group","https://www.meetup.com/Charlotte-R-Users-Group/","October, 2019"
"87",87,"AalborgRUG","https://www.meetup.com/AalborgRUG/","October, 2019"
"88",88,"Greater-Portland-useR-Group","https://www.meetup.com/Greater-Portland-useR-Group/","October, 2019"
"89",89,"Prague-R-Meetup-Group","https://www.meetup.com/Prague-R-Meetup-Group/","October, 2019"
"90",90,"Adventures-in-R-Meetup","https://www.meetup.com/Adventures-in-R-Meetup/","October, 2019"
"91",91,"RVA-R-Users-Group","https://www.meetup.com/RVA-R-Users-Group/","October, 2019"
"92",92,"San-Carlos-R-User-Group","https://www.meetup.com/San-Carlos-R-User-Group/","October, 2019"
"93",93,"slc-rug","https://www.meetup.com/slc-rug/","October, 2019"
"94",94,"Oslo-useR-Group","https://www.meetup.com/Oslo-useR-Group/","October, 2019"
"95",95,"Belo-Horizonte-R-Users-Group","https://www.meetup.com/Belo-Horizonte-R-Users-Group/","October, 2019"
"96",96,"Malaysia-R-User-Group","https://www.meetup.com/Malaysia-R-User-Group/","October, 2019"
"97",97,"Tecate-BC-Mexico-R-Users-Group-Meetup","https://www.meetup.com/Tecate-BC-Mexico-R-Users-Group-Meetup/","October, 2019"
"98",98,"Brisbane-Users-of-R-Group-BURGr","https://www.meetup.com/Brisbane-Users-of-R-Group-BURGr/","October, 2019"
"99",99,"twincitiesrug","https://www.meetup.com/twincitiesrug/","October, 2019"
"100",100,"DenverRUG","https://www.meetup.com/DenverRUG/","October, 2019"
"101",101,"R-User-Group-SG","https://www.meetup.com/R-User-Group-SG/","October, 2019"
"102",102,"Saint-Louis-RUG","https://www.meetup.com/Saint-Louis-RUG/","October, 2019"
"103",103,"South-Central-PA-R-Ladies","https://www.meetup.com/South-Central-PA-R-Ladies/","October, 2019"
"104",104,"portland-r-user-group","https://www.meetup.com/portland-r-user-group/","October, 2019"
"105",105,"Wiesbaden-R-Users-Group","https://www.meetup.com/Wiesbaden-R-Users-Group/","October, 2019"
"106",106,"R-Lab-Milano","https://www.meetup.com/R-Lab-Milano/","October, 2019"
"107",107,"R-Users-Monterrey","https://www.meetup.com/R-Users-Monterrey/","October, 2019"
"108",108,"R-Users-Group-Gainesville-FL","https://www.meetup.com/R-Users-Group-Gainesville-FL/","October, 2019"
"109",109,"R-Users-Group-Chennai","https://www.meetup.com/R-Users-Group-Chennai/","October, 2019"
"110",110,"R-Users-Slovakia","https://www.meetup.com/R-Users-Slovakia/","October, 2019"
"111",111,"tcr-users","https://www.meetup.com/tcr-users/","October, 2019"
"112",112,"R-Users-Group-Cali","https://www.meetup.com/R-Users-Group-Cali/","October, 2019"
"113",113,"Vancouver-R-Users-Group-data-analysis-statistics","https://www.meetup.com/Vancouver-R-Users-Group-data-analysis-statistics/","October, 2019"
"114",114,"SheffieldR-Sheffield-R-Users-Group","https://www.meetup.com/SheffieldR-Sheffield-R-Users-Group/","October, 2019"
"115",115,"Kyiv-useR-Group","https://www.meetup.com/Kyiv-useR-Group/","October, 2019"
"116",116,"Auckland-R-Users-Group-AKLRUG","https://www.meetup.com/Auckland-R-Users-Group-AKLRUG/","October, 2019"
"117",117,"mumbai-r-user-group","https://www.meetup.com/mumbai-r-user-group/","October, 2019"
"118",118,"DakaR-R-User-Group","https://www.meetup.com/DakaR-R-User-Group/","October, 2019"
"119",119,"Delhi-NCR-useR-Group-R-programming-language","https://www.meetup.com/Delhi-NCR-useR-Group-R-programming-language/","October, 2019"
"120",120,"R-Users-Atlanta","https://www.meetup.com/R-Users-Atlanta/","October, 2019"
"121",121,"Bozeman-useR-Group-R-Programming-Language","https://www.meetup.com/Bozeman-useR-Group-R-Programming-Language/","October, 2019"
"122",122,"FEDPOFA-R-Users-Group","https://www.meetup.com/FEDPOFA-R-Users-Group/","October, 2019"
"123",123,"Albany-R-Users-Group","https://www.meetup.com/Albany-R-Users-Group/","October, 2019"
"124",124,"New-Delhi-R-UseR-Group","https://www.meetup.com/New-Delhi-R-UseR-Group/","October, 2019"
"125",125,"Leipzig-R-statistical-computing","https://www.meetup.com/Leipzig-R-statistical-computing/","October, 2019"
"126",126,"R-Users","https://www.meetup.com/R-Users/","October, 2019"
"127",127,"R-Users-Sydney","https://www.meetup.com/R-Users-Sydney/","October, 2019"
"128",128,"amst-R-dam","https://www.meetup.com/amst-R-dam/","October, 2019"
"129",129,"Conneticut-R-Users-Group","https://www.meetup.com/Conneticut-R-Users-Group/","October, 2019"
"130",130,"Florianopolis-R-NNQ-R-users-group","https://www.meetup.com/Florianopolis-R-NNQ-R-users-group/","October, 2019"
"131",131,"MelbURN-Melbourne-Users-of-R-Network","https://www.meetup.com/MelbURN-Melbourne-Users-of-R-Network/","October, 2019"
"132",132,"LagosRUsers","https://www.meetup.com/LagosRUsers/","October, 2019"
"133",133,"BelgradeR","https://www.meetup.com/BelgradeR/","October, 2019"
"134",134,"BarcelonaR","https://www.meetup.com/BarcelonaR/","October, 2019"
"135",135,"Warwick-useRs","https://www.meetup.com/Warwick-useRs/","October, 2019"
"136",136,"rladies-bari","https://www.meetup.com/rladies-bari/","October, 2019"
"137",137,"Budapest-Data-Pizza","https://www.meetup.com/Budapest-Data-Pizza/","October, 2019"
"138",138,"LondonR","https://www.meetup.com/LondonR/","October, 2019"
"139",139,"erkakrakow","https://www.meetup.com/erkakrakow/","October, 2019"
"140",140,"calgaryr","https://www.meetup.com/calgaryr/","October, 2019"
"141",141,"rladies-bariloche","https://www.meetup.com/rladies-bariloche/","October, 2019"
"142",142,"EswatiniUseR","https://www.meetup.com/EswatiniUseR/","October, 2019"
"143",143,"rladies-cordoba","https://www.meetup.com/rladies-cordoba/","October, 2019"
"144",144,"Valledupar-Analitica-R","https://www.meetup.com/Valledupar-Analitica-R/","October, 2019"
"145",145,"Barranquilla-Analitica-R","https://www.meetup.com/Barranquilla-Analitica-R/","October, 2019"
"146",146,"nyhackr","https://www.meetup.com/nyhackr/","October, 2019"
"147",147,"rladies-buenos-aires","https://www.meetup.com/rladies-buenos-aires/","October, 2019"
"148",148,"stats-prog-dc","https://www.meetup.com/stats-prog-dc/","October, 2019"
"149",149,"user-kin","https://www.meetup.com/user-kin/","October, 2019"
"150",150,"rMoscow","https://www.meetup.com/rMoscow/","October, 2019"
"151",151,"rladies-santa-fe","https://www.meetup.com/rladies-santa-fe/","October, 2019"
"152",152,"rladies-la-paz","https://www.meetup.com/rladies-la-paz/","October, 2019"
"153",153,"Triangle-useR","https://www.meetup.com/Triangle-useR/","October, 2019"
"154",154,"rladies-ushuaia","https://www.meetup.com/rladies-ushuaia/","October, 2019"
"155",155,"BirminghamR","https://www.meetup.com/BirminghamR/","October, 2019"
"156",156,"meetup-group-cwPiAlnB","https://www.meetup.com/meetup-group-cwPiAlnB/","October, 2019"
"157",157,"Manchester-R","https://www.meetup.com/Manchester-R/","October, 2019"
"158",158,"ViennaR","https://www.meetup.com/ViennaR/","October, 2019"
"159",159,"sonRai","https://www.meetup.com/sonRai/","October, 2019"
"160",160,"StockholmR","https://www.meetup.com/StockholmR/","October, 2019"
"161",161,"rladies-resistencia-corrientes","https://www.meetup.com/rladies-resistencia-corrientes/","October, 2019"
"162",162,"rladies-chicago","https://www.meetup.com/rladies-chicago/","October, 2019"
"163",163,"rladies-adelaide","https://www.meetup.com/rladies-adelaide/","October, 2019"
"164",164,"rladies-natal","https://www.meetup.com/rladies-natal/","October, 2019"
"165",165,"r-frankfurt","https://www.meetup.com/r-frankfurt/","October, 2019"
"166",166,"Buffalo-R","https://www.meetup.com/Buffalo-R/","October, 2019"
"167",167,"rladies-vancouver","https://www.meetup.com/rladies-vancouver/","October, 2019"
"168",168,"Poznanski-Horyzont-Danych","https://www.meetup.com/Poznanski-Horyzont-Danych/","October, 2019"
"169",169,"rladies-lviv","https://www.meetup.com/rladies-lviv/","October, 2019"
"170",170,"rladies-boulder","https://www.meetup.com/rladies-boulder/","October, 2019"
"171",171,"rladies-scl","https://www.meetup.com/rladies-scl/","October, 2019"
"172",172,"rladies-montpellier","https://www.meetup.com/rladies-montpellier/","October, 2019"
"173",173,"UseRS_","https://www.meetup.com/UseRS_/","October, 2019"
"174",174,"rladies-philly","https://www.meetup.com/rladies-philly/","October, 2019"
"175",175,"rladies-sydney","https://www.meetup.com/rladies-sydney/","October, 2019"
"176",176,"rladies-xalapa","https://www.meetup.com/rladies-xalapa/","October, 2019"
"177",177,"rladies-toronto","https://www.meetup.com/rladies-toronto/","October, 2019"
"178",178,"rladies-brisbane","https://www.meetup.com/rladies-brisbane/","October, 2019"
"179",179,"rladies-tucson-az","https://www.meetup.com/rladies-tucson-az/","October, 2019"
"180",180,"rladies-auckland","https://www.meetup.com/rladies-auckland/","October, 2019"
"181",181,"useRchile","https://www.meetup.com/useRchile/","October, 2019"
"182",182,"rladies-novi-sad","https://www.meetup.com/rladies-novi-sad/","October, 2019"
"183",183,"rladies-charlottesville","https://www.meetup.com/rladies-charlottesville/","October, 2019"
"184",184,"rladies-christchurch","https://www.meetup.com/rladies-christchurch/","October, 2019"
"185",185,"rladies-santa-rosa","https://www.meetup.com/rladies-santa-rosa/","October, 2019"
"186",186,"rparis","https://www.meetup.com/rparis/","October, 2019"
"187",187,"rladies-wageningen","https://www.meetup.com/rladies-wageningen/","October, 2019"
"188",188,"rladies-liverpool","https://www.meetup.com/rladies-liverpool/","October, 2019"
"189",189,"rladies-goiania","https://www.meetup.com/rladies-goiania/","October, 2019"
"190",190,"useR-SP","https://www.meetup.com/useR-SP/","October, 2019"
"191",191,"rladies-porto-alegre","https://www.meetup.com/rladies-porto-alegre/","October, 2019"
"192",192,"rladies-montevideo","https://www.meetup.com/rladies-montevideo/","October, 2019"
"193",193,"meetup-group-XAHidokx","https://www.meetup.com/meetup-group-XAHidokx/","October, 2019"
"194",194,"rladies-sarasota","https://www.meetup.com/rladies-sarasota/","October, 2019"
"195",195,"ChiangMaiR","https://www.meetup.com/ChiangMaiR/","October, 2019"
"196",196,"rladies-niteroi","https://www.meetup.com/rladies-niteroi/","October, 2019"
"197",197,"rladies-san-francisco","https://www.meetup.com/rladies-san-francisco/","October, 2019"
"198",198,"rladies-perth","https://www.meetup.com/rladies-perth/","October, 2019"
"199",199,"rladies-edinburgh","https://www.meetup.com/rladies-edinburgh/","October, 2019"
"200",200,"rladies-stockholm","https://www.meetup.com/rladies-stockholm/","October, 2019"
"201",201,"rladies-belgrade","https://www.meetup.com/rladies-belgrade/","October, 2019"
"202",202,"rladies-kyiv","https://www.meetup.com/rladies-kyiv/","October, 2019"
"203",203,"BaselR","https://www.meetup.com/BaselR/","October, 2019"
"204",204,"rladies-copenhagen","https://www.meetup.com/rladies-copenhagen/","October, 2019"
"205",205,"rladies-bucharest","https://www.meetup.com/rladies-bucharest/","October, 2019"
"206",206,"rladies-columbus","https://www.meetup.com/rladies-columbus/","October, 2019"
"207",207,"rladies-rotterdam","https://www.meetup.com/rladies-rotterdam/","October, 2019"
"208",208,"rladies-tc","https://www.meetup.com/rladies-tc/","October, 2019"
"209",209,"rladies-london","https://www.meetup.com/rladies-london/","October, 2019"
"210",210,"WeR-stats","https://www.meetup.com/WeR-stats/","October, 2019"
"211",211,"rladies-cambridge","https://www.meetup.com/rladies-cambridge/","October, 2019"
"212",212,"rladies-budapest","https://www.meetup.com/rladies-budapest/","October, 2019"
"213",213,"rladies-riverside","https://www.meetup.com/rladies-riverside/","October, 2019"
"214",214,"rladies-miami","https://www.meetup.com/rladies-miami/","October, 2019"
"215",215,"rladies-iowa-city","https://www.meetup.com/rladies-iowa-city/","October, 2019"
"216",216,"rladies-kathmandu","https://www.meetup.com/rladies-kathmandu/","October, 2019"
"217",217,"rladies-irvine","https://www.meetup.com/rladies-irvine/","October, 2019"
"218",218,"R-Minho","https://www.meetup.com/R-Minho/","October, 2019"
"219",219,"rladies-lyon","https://www.meetup.com/rladies-lyon/","October, 2019"
"220",220,"rladies-munich","https://www.meetup.com/rladies-munich/","October, 2019"
"221",221,"rladies-vienna","https://www.meetup.com/rladies-vienna/","October, 2019"
"222",222,"rladies-utrecht","https://www.meetup.com/rladies-utrecht/","October, 2019"
"223",223,"Trojmiejska-Grupa-Entuzjastow-R","https://www.meetup.com/Trojmiejska-Grupa-Entuzjastow-R/","October, 2019"
"224",224,"rladies-highland-park","https://www.meetup.com/rladies-highland-park/","October, 2019"
"225",225,"rladies-des-moines","https://www.meetup.com/rladies-des-moines/","October, 2019"
"226",226,"rladies-houston","https://www.meetup.com/rladies-houston/","October, 2019"
"227",227,"ShenzhenR","https://www.meetup.com/ShenzhenR/","October, 2019"
"228",228,"R-ML-and-AI-in-Sydney","https://www.meetup.com/R-ML-and-AI-in-Sydney/","October, 2019"
"229",229,"rladies-melbourne","https://www.meetup.com/rladies-melbourne/","October, 2019"
"230",230,"RGlasgow","https://www.meetup.com/RGlasgow/","October, 2019"
"231",231,"rladies-montreal","https://www.meetup.com/rladies-montreal/","October, 2019"
"232",232,"rladies-ottawa","https://www.meetup.com/rladies-ottawa/","October, 2019"
"233",233,"rladies-nijmegen","https://www.meetup.com/rladies-nijmegen/","October, 2019"
"234",234,"R-para-utilizadores-Excel-Lisboa","https://www.meetup.com/R-para-utilizadores-Excel-Lisboa/","October, 2019"
"235",235,"rladies-freiburg","https://www.meetup.com/rladies-freiburg/","October, 2019"
"236",236,"AthensR","https://www.meetup.com/AthensR/","October, 2019"
"237",237,"rladies-montenegro","https://www.meetup.com/rladies-montenegro/","October, 2019"
"238",238,"rladies-brussels","https://www.meetup.com/rladies-brussels/","October, 2019"
"239",239,"rladies-leuven","https://www.meetup.com/rladies-leuven/","October, 2019"
"240",240,"rladies-exeter","https://www.meetup.com/rladies-exeter/","October, 2019"
"241",241,"rladies-chennai","https://www.meetup.com/rladies-chennai/","October, 2019"
"242",242,"rladies-orlando","https://www.meetup.com/rladies-orlando/","October, 2019"
"243",243,"rladies-remote","https://www.meetup.com/rladies-remote/","October, 2019"
"244",244,"rladies-oslo","https://www.meetup.com/rladies-oslo/","October, 2019"
"245",245,"rladies-valparaiso","https://www.meetup.com/rladies-valparaiso/","October, 2019"
"246",246,"rladies-tiruchirappalli","https://www.meetup.com/rladies-tiruchirappalli/","October, 2019"
"247",247,"rladies-eastlansing","https://www.meetup.com/rladies-eastlansing/","October, 2019"
"248",248,"rladies-pdx","https://www.meetup.com/rladies-pdx/","October, 2019"
"249",249,"BiocNYC","https://www.meetup.com/BiocNYC/","October, 2019"
"250",250,"rladies-lima","https://www.meetup.com/rladies-lima/","October, 2019"
"251",251,"r-tallinn","https://www.meetup.com/r-tallinn/","October, 2019"
"252",252,"rladies-san-jose","https://www.meetup.com/rladies-san-jose/","October, 2019"
"253",253,"rladies-madrid","https://www.meetup.com/rladies-madrid/","October, 2019"
"254",254,"rladies-barcelona","https://www.meetup.com/rladies-barcelona/","October, 2019"
"255",255,"r-enthusiasts","https://www.meetup.com/r-enthusiasts/","October, 2019"
"256",256,"rladies-lisboa","https://www.meetup.com/rladies-lisboa/","October, 2019"
"257",257,"rladies-guayaquil","https://www.meetup.com/rladies-guayaquil/","October, 2019"
"258",258,"rladies-frankfurt","https://www.meetup.com/rladies-frankfurt/","October, 2019"
"259",259,"rladies-amsterdam","https://www.meetup.com/rladies-amsterdam/","October, 2019"
"260",260,"rladies-newcastle","https://www.meetup.com/rladies-newcastle/","October, 2019"
"261",261,"rladies-baltimore","https://www.meetup.com/rladies-baltimore/","October, 2019"
"262",262,"rladies-loughborough","https://www.meetup.com/rladies-loughborough/","October, 2019"
"263",263,"rladies-manchester","https://www.meetup.com/rladies-manchester/","October, 2019"
"264",264,"rladies-lancaster","https://www.meetup.com/rladies-lancaster/","October, 2019"
"265",265,"rladies-san-diego","https://www.meetup.com/rladies-san-diego/","October, 2019"
"266",266,"rladies-johannesburg","https://www.meetup.com/rladies-johannesburg/","October, 2019"
"267",267,"rladies-tampa","https://www.meetup.com/rladies-tampa/","October, 2019"
"268",268,"rladies-rabat","https://www.meetup.com/rladies-rabat/","October, 2019"
"269",269,"rladies-lausanne","https://www.meetup.com/rladies-lausanne/","October, 2019"
"270",270,"rladies-curitiba","https://www.meetup.com/rladies-curitiba/","October, 2019"
"271",271,"rladies-bilbao","https://www.meetup.com/rladies-bilbao/","October, 2019"
"272",272,"Bern-R","https://www.meetup.com/Bern-R/","October, 2019"
"273",273,"rladies-ames","https://www.meetup.com/rladies-ames/","October, 2019"
"274",274,"meetup-group-ZtqriXwa","https://www.meetup.com/meetup-group-ZtqriXwa/","October, 2019"
"275",275,"rladies-canberra","https://www.meetup.com/rladies-canberra/","October, 2019"
"276",276,"rladies-taipei","https://www.meetup.com/rladies-taipei/","October, 2019"
"277",277,"r-indonesia","https://www.meetup.com/r-indonesia/","October, 2019"
"278",278,"rladies-nashville","https://www.meetup.com/rladies-nashville/","October, 2019"
"279",279,"rladies-cape-town","https://www.meetup.com/rladies-cape-town/","October, 2019"
"280",280,"Gottingen-Software-Development-Meetup","https://www.meetup.com/Gottingen-Software-Development-Meetup/","October, 2019"
"281",281,"R-en-Rosario","https://www.meetup.com/R-en-Rosario/","October, 2019"
"282",282,"rladies-el-paso","https://www.meetup.com/rladies-el-paso/","October, 2019"
"283",283,"rladies-santa-barbara","https://www.meetup.com/rladies-santa-barbara/","October, 2019"
"284",284,"EdinbR","https://www.meetup.com/EdinbR/","October, 2019"
"285",285,"rladies-paris","https://www.meetup.com/rladies-paris/","October, 2019"
"286",286,"rladies-mendoza","https://www.meetup.com/rladies-mendoza/","October, 2019"
"287",287,"rladies-pasadena","https://www.meetup.com/rladies-pasadena/","October, 2019"
"288",288,"rladies-cincinnati","https://www.meetup.com/rladies-cincinnati/","October, 2019"
"289",289,"adminR","https://www.meetup.com/adminR/","October, 2019"
"290",290,"rladies-recife","https://www.meetup.com/rladies-recife/","October, 2019"
"291",291,"renbaires","https://www.meetup.com/renbaires/","October, 2019"
"292",292,"Munster-R-Users-Group","https://www.meetup.com/Munster-R-Users-Group/","October, 2019"
"293",293,"Akure-R-user-group","https://www.meetup.com/Akure-R-user-group/","October, 2019"
"294",294,"Bauchi-R-User-Group-BauchiRUG","https://www.meetup.com/Bauchi-R-User-Group-BauchiRUG/","October, 2019"
"295",295,"Dusseldorf-R-User-Group","https://www.meetup.com/Dusseldorf-R-User-Group/","October, 2019"
"296",296,"Bristol-R-User-Group","https://www.meetup.com/Bristol-R-User-Group/","October, 2019"
"297",297,"Use-R-INMEGEN-2019","https://www.meetup.com/Use-R-INMEGEN-2019/","October, 2019"
"298",298,"Stellenbosch-R-Users-Group-Meetup","https://www.meetup.com/Stellenbosch-R-Users-Group-Meetup/","October, 2019"
"299",299,"Bluenose-R-User-Group","https://www.meetup.com/Bluenose-R-User-Group/","October, 2019"
"300",300,"Predictive-Business-Analytics-with-R-New-Delhi","https://www.meetup.com/Predictive-Business-Analytics-with-R-New-Delhi/","October, 2019"
"301",301,"Omaha-R-Users-Group","https://www.meetup.com/Omaha-R-Users-Group/","October, 2019"
"302",302,"Hyderabad-R-Programming-Meetup","https://www.meetup.com/Hyderabad-R-Programming-Meetup/","October, 2019"
"303",303,"MapR-Users-Meetup","https://www.meetup.com/MapR-Users-Meetup/","October, 2019"
"304",304,"Predictive-Business-Analytics-using-R","https://www.meetup.com/Predictive-Business-Analytics-using-R/","October, 2019"
"305",305,"Salt-Lake-City-R-Language-Study-Group","https://www.meetup.com/Salt-Lake-City-R-Language-Study-Group/","October, 2019"
"306",306,"Wroclaw-R-user-Group-WRUG","https://www.meetup.com/Wroclaw-R-user-Group-WRUG/","October, 2019"
"307",307,"R-User-Group-Rhein-Neckar","https://www.meetup.com/R-User-Group-Rhein-Neckar/","October, 2019"
"308",308,"rladies-dc","https://www.meetup.com/rladies-dc/","October, 2019"
"309",309,"DublinR","https://www.meetup.com/DublinR/","October, 2019"
"310",310,"Bogota-R-Users-Group","https://www.meetup.com/Bogota-R-Users-Group/","October, 2019"
"311",311,"MadR-Madison-R-Programming-UseRs-Group","https://www.meetup.com/MadR-Madison-R-Programming-UseRs-Group/","October, 2019"
"312",312,"R-Users-Group-Kenya-RUGK","https://www.meetup.com/R-Users-Group-Kenya-RUGK/","October, 2019"
"313",313,"rladies-buffalo","https://www.meetup.com/rladies-buffalo/","October, 2019"
"314",314,"Seattle-useR","https://www.meetup.com/Seattle-useR/","October, 2019"
"315",315,"houstonr","https://www.meetup.com/houstonr/","October, 2019"
"316",316,"Canberra-R-Users-Group","https://www.meetup.com/Canberra-R-Users-Group/","October, 2019"
"317",317,"rladies-rtp","https://www.meetup.com/rladies-rtp/","October, 2019"
"318",318,"Hamburg-R-User-Group","https://www.meetup.com/Hamburg-R-User-Group/","October, 2019"
"319",319,"rladies-la","https://www.meetup.com/rladies-la/","October, 2019"
"320",320,"rladies-izmir","https://www.meetup.com/rladies-izmir/","October, 2019"
"321",321,"RGROUP","https://www.meetup.com/RGROUP/","October, 2019"
"322",322,"Brasilia-UseR-Meetup","https://www.meetup.com/Brasilia-UseR-Meetup/","October, 2019"
"323",323,"R-Users-Group-Hyderabad","https://www.meetup.com/R-Users-Group-Hyderabad/","October, 2019"
"324",324,"Chicago-North-West-Suburbs-R-user-group","https://www.meetup.com/Chicago-North-West-Suburbs-R-user-group/","October, 2019"
"325",325,"KoelnRUG","https://www.meetup.com/KoelnRUG/","October, 2019"
"326",326,"rladies-hartford","https://www.meetup.com/rladies-hartford/","October, 2019"
"327",327,"R-Ladies-Madison","https://www.meetup.com/R-Ladies-Madison/","October, 2019"
"328",328,"rladies-cdmx","https://www.meetup.com/rladies-cdmx/","October, 2019"
"329",329,"rladies-rio","https://www.meetup.com/rladies-rio/","October, 2019"
"330",330,"rladies-st-louis","https://www.meetup.com/rladies-st-louis/","October, 2019"
"331",331,"rladies-berlin","https://www.meetup.com/rladies-berlin/","October, 2019"
"332",332,"rladies-tbilisi","https://www.meetup.com/rladies-tbilisi/","October, 2019"
"333",333,"Lads-and-Lasses-Who-R","https://www.meetup.com/Lads-and-Lasses-Who-R/","October, 2019"
"334",334,"Pune-R-junkies-Meetup","https://www.meetup.com/Pune-R-junkies-Meetup/","October, 2019"
"335",335,"rladies-seattle","https://www.meetup.com/rladies-seattle/","October, 2019"
"336",336,"rladies-fayetteville","https://www.meetup.com/rladies-fayetteville/","October, 2019"
"337",337,"Taiwan-R","https://www.meetup.com/Taiwan-R/","October, 2019"
"338",338,"CinDay-RUG","https://www.meetup.com/CinDay-RUG/","October, 2019"
"339",339,"R-devops","https://www.meetup.com/R-devops/","October, 2019"
"340",340,"Hobart-R-Users-Group","https://www.meetup.com/Hobart-R-Users-Group/","October, 2019"
"341",341,"rladies-strasbourg","https://www.meetup.com/rladies-strasbourg/","October, 2019"
"342",342,"eRfahrungsaustausch-zum-Thema-R-in-Esslingen","https://www.meetup.com/eRfahrungsaustausch-zum-Thema-R-in-Esslingen/","October, 2019"
"343",343,"Ha-Noi-R-Users-Group-Meetup","https://www.meetup.com/Ha-Noi-R-Users-Group-Meetup/","October, 2019"
"344",344,"RBelgium","https://www.meetup.com/RBelgium/","October, 2019"
"345",345,"Nijmegen-eveRybody","https://www.meetup.com/Nijmegen-eveRybody/","October, 2019"
"346",346,"R-Lyon","https://www.meetup.com/R-Lyon/","October, 2019"
"347",347,"useR-Group-in-San-Luis-Obispo-County","https://www.meetup.com/useR-Group-in-San-Luis-Obispo-County/","October, 2019"
"348",348,"Delhi-R-Users-Group-Meetup","https://www.meetup.com/Delhi-R-Users-Group-Meetup/","October, 2019"
"349",349,"rladies-quito","https://www.meetup.com/rladies-quito/","October, 2019"
"350",350,"rladies-puebla","https://www.meetup.com/rladies-puebla/","October, 2019"
"351",351,"rladies-salvador","https://www.meetup.com/rladies-salvador/","October, 2019"
"352",352,"rladies-new-delhi","https://www.meetup.com/rladies-new-delhi/","October, 2019"
"353",353,"rladies-athens-ga","https://www.meetup.com/rladies-athens-ga/","October, 2019"
"354",354,"rladies-jakarta","https://www.meetup.com/rladies-jakarta/","October, 2019"
"355",355,"rladies-gainesville","https://www.meetup.com/rladies-gainesville/","October, 2019"
"356",356,"rladies-atlanta","https://www.meetup.com/rladies-atlanta/","October, 2019"
"357",357,"rladies-addis-ababa","https://www.meetup.com/rladies-addis-ababa/","October, 2019"
"358",358,"rladies-lavras","https://www.meetup.com/rladies-lavras/","October, 2019"
"359",359,"rladies-louisville","https://www.meetup.com/rladies-louisville/","October, 2019"
"360",360,"rladies-denver","https://www.meetup.com/rladies-denver/","October, 2019"
"361",361,"rladies-dallas","https://www.meetup.com/rladies-dallas/","October, 2019"
"362",362,"rladies-helsinki","https://www.meetup.com/rladies-helsinki/","October, 2019"
"363",363,"rladies-cotonou","https://www.meetup.com/rladies-cotonou/","October, 2019"
"364",364,"rladies-ldnont","https://www.meetup.com/rladies-ldnont/","October, 2019"
"365",365,"rladies-boston","https://www.meetup.com/rladies-boston/","October, 2019"
"366",366,"rladies-la-plata","https://www.meetup.com/rladies-la-plata/","October, 2019"
"367",367,"rladies-sao-paulo","https://www.meetup.com/rladies-sao-paulo/","October, 2019"
"368",368,"rladies-dublin","https://www.meetup.com/rladies-dublin/","October, 2019"
"369",369,"rladiesbh","https://www.meetup.com/rladiesbh/","October, 2019"
"370",370,"rladies-milan","https://www.meetup.com/rladies-milan/","October, 2019"
"371",371,"rladies-newyork","https://www.meetup.com/rladies-newyork/","October, 2019"
"372",372,"rladies-lexington-park","https://www.meetup.com/rladies-lexington-park/","October, 2019"
"373",373,"rladies-cuernavaca","https://www.meetup.com/rladies-cuernavaca/","October, 2019"
"374",374,"rladies-austin","https://www.meetup.com/rladies-austin/","October, 2019"
"375",375,"rladies-ankara","https://www.meetup.com/rladies-ankara/","October, 2019"
"376",376,"rladies-den-bosch","https://www.meetup.com/rladies-den-bosch/","October, 2019"
"377",377,"rladies-bogor","https://www.meetup.com/rladies-bogor/","October, 2019"
"378",378,"rladies-podgorica","https://www.meetup.com/rladies-podgorica/","October, 2019"
"379",379,"rladies-medellin","https://www.meetup.com/rladies-medellin/","October, 2019"
"380",380,"rladies-calgary","https://www.meetup.com/rladies-calgary/","October, 2019"
"381",381,"rladies-nelson","https://www.meetup.com/rladies-nelson/","October, 2019"
"382",382,"rladies-florianopolis","https://www.meetup.com/rladies-florianopolis/","October, 2019"
"383",383,"rladies-lagos","https://www.meetup.com/rladies-lagos/","October, 2019"
"384",384,"rladies-queretaro","https://www.meetup.com/rladies-queretaro/","October, 2019"
"385",385,"rladies-pachuca","https://www.meetup.com/rladies-pachuca/","October, 2019"
"386",386,"rladies-concepcion","https://www.meetup.com/rladies-concepcion/","October, 2019"
"387",387,"rladies-bogota","https://www.meetup.com/rladies-bogota/","October, 2019"
"388",388," r-korea","https://www.meetup.com/r-korea","October, 2019"
"389",389,"biodataclub","https://www.meetup.com/biodataclub/","October, 2019"
"390",390,"open-source-greenville","https://www.meetup.com/open-source-greenville/","October, 2019"
"391",391,"guru-mvd","https://www.meetup.com/guru-mvd/","October, 2019"
"392",392,"newcastle-upon-tyne-data-science-meetup","https://www.meetup.com/newcastle-upon-tyne-data-science-meetup/","October, 2019"
"393",393,"bamako-data-science","https://www.meetup.com/bamako-data-science/","October, 2019"
"394",394,"vuna-sdc-r-user-group","https://www.meetup.com/vuna-sdc-r-user-group/","October, 2019"
"395",395,"meetup-de-grupo-de-usuarios-de-r-de-malaga","https://www.meetup.com/meetup-de-grupo-de-usuarios-de-r-de-malaga/","October, 2019"
"396",396,"honolulu-data-science","https://www.meetup.com/honolulu-data-science/","October, 2019"
